<?xml version="1.0" encoding="UTF-8"?>
<model package="switchtemplate" baseClass="xPDOObject" platform="mysql" defaultEngine="MyISAM" phpdoc-package="switchtemplate" phpdoc-subpackage="model">
	<object class="SwitchtemplateSettings" table="switchtemplate_settings" extends="xPDOSimpleObject">
        <field key="name" dbtype="varchar" precision="100" phptype="string" null="false" />
		<field key="key" dbtype="varchar" precision="50" phptype="string" null="false" />
        <field key="template" dbtype="varchar" precision="100" phptype="string" null="false" />
        <field key="type" dbtype="varchar" precision="10" phptype="string" null="false" />
        <field key="cache" dbtype="tinyint" precision="1" attributes="unsigned" phptype="integer" null="false" default="1" />
        <field key="include" dbtype="text" phptype="string" null="true" />
        <field key="exclude" dbtype="text" phptype="string" null="true" />
	</object>
</model>